id,is_contractor
0b1e9a47-6ad4-4453-93e4-7d09fa8d9072,FALSE
84be2dc7-11d7-4c97-af37-8a1367323322,FALSE
c11d543c-c281-4592-9c33-4018aeed9b5d,FALSE
04e7d660-97af-4b54-99d7-e68c179acca3,TRUE
6442e4b0-8a82-4e30-8f4d-276a95dbfc01,TRUE
86d5897c-8b9d-410e-93b3-9e6bd3a25d10,FALSE
05c99a5b-5a1d-4f84-9dd3-83393faae9b9,FALSE
250c6b8e-75b1-4be4-aaa1-de68a5f30391,TRUE
f3f5b404-96cd-4bb9-86c3-ffaf0333a1d1,TRUE
9b1011ae-1d36-4459-9002-01b5daa82043,FALSE
a23d57b3-05ed-443c-864b-7402a899ff43,FALSE
1029b52f-2fb3-4307-8a9c-3951532ce19b,TRUE
28a38c4b-af6b-4d4d-9771-adb02f87fbc2,FALSE
65b71081-c397-481e-8eb4-e5c1f96980f3,FALSE
42140567-be94-434f-975e-9b72619f0539,FALSE
4181fb8f-89b1-420e-b886-1120b79e3a44,FALSE
77cae440-fea3-4b94-b294-34f8bfff97c7,FALSE
c2496053-f945-4baf-a6ff-2f3264602d61,TRUE
15ebc6f9-cfb9-46b9-95dc-3eaf65d088c7,TRUE
c6d55f65-9898-44ae-96ab-6f5cd502c48b,TRUE
5bf69794-0f58-424e-805b-0fcb92568784,TRUE
788334af-36c2-448e-b0be-8e69abd0c29a,TRUE
258f0d6e-be9a-4209-a3a1-c36c24547252,TRUE
ce3a9857-17b1-47fa-9271-5a780044a1b1,TRUE
e3723424-0589-4173-bc88-6179b751ec7f,FALSE
3407c10c-f5f4-4baf-a5de-d5b6e848a8cd,TRUE
25762cfc-0a1b-446d-bd1d-3d7374734810,FALSE
53fc5c11-94e1-4ea0-b928-fb80811aea67,FALSE
6d135e5b-6aea-4996-9164-65a8796b87ce,FALSE
4874991e-efd9-4653-a3c0-565d4a8c77bf,FALSE
7317a7c5-7995-4c8e-ba26-4866952fd975,FALSE
71ff1abe-29a5-4625-ade0-fce57e143697,FALSE
74d7f918-1abf-4c02-b9c5-0c9dc478866c,TRUE
2ea82440-f1b0-48f6-87f2-32da85ecb34e,TRUE
4a799962-032b-4324-9c42-a579f64b7c08,FALSE
94fe5006-8174-4aa8-b41f-305251949562,TRUE
97db0708-945e-4b1e-affb-ccebc259abdf,TRUE
424a07fc-7665-4e99-a99e-c2d569e08e63,TRUE
b576eb6f-9eb3-4a23-b403-44fe20a6cabd,FALSE
fcfa311b-af31-4cb3-96be-b3d522722aeb,FALSE
73faf60f-0cf8-4274-a3dd-0bff20deee94,TRUE
c4b5845b-fd8a-4a4b-9128-c1301315b51c,TRUE
13c14366-e337-4e69-9b9e-898905dfa6bb,TRUE
6973afb4-689c-44d5-9050-6b1716ed1d98,TRUE
8e3b0c25-ecbe-40ca-ab79-b4b8e125b210,TRUE
4778c172-dcf2-4cdb-994d-e1234da61860,FALSE
3ca666d2-e0d8-431f-a554-215d0dbffb00,TRUE
a9022478-a39a-48d0-88b2-94820fbf8f06,FALSE
70b4a604-7ce8-41c7-a135-c2a5bcfe1b35,FALSE
35573499-2423-45c9-8593-8ec5d3ec0486,FALSE
b6d6a140-57ef-47fe-9808-595d48271b30,TRUE
a887de2d-e2a5-4ad6-85c5-c22b6db4d866,TRUE
21b92b09-e3ae-426a-8f25-ce51276f17de,FALSE
0cf2560e-2d09-460f-a51e-bd66503ba5fd,FALSE
1440e3bf-ea7a-401d-9230-fb8b08902c1c,FALSE
d833c6d1-e409-4907-a80b-8f6ba0128d8c,FALSE
fa83f486-cb00-44e7-b5fb-1945baa76627,FALSE
e4c5b7f5-5916-45c5-9435-51ef09a60f2c,FALSE
4eae43c8-85f6-4c2f-bed9-35e16c67c39f,TRUE
6473c1fc-4eb1-4455-bfca-992696d66750,FALSE
f3683a64-8903-4236-96d9-9f645d3e7ba5,TRUE
85f842a1-cbbe-4dc8-b2e1-7543bc14dbda,FALSE
624015be-7e05-4994-960a-8a6304b1e516,FALSE
13bcfa91-13bb-421a-82c1-86f36b935bb2,FALSE
c3ceaf4a-f099-4ed0-853d-5da1f6409bd5,FALSE
09f049c8-dd00-4d44-bb91-80336aa7201f,FALSE
48b3792d-2d76-45f7-a6e8-e82fc9001a15,FALSE
54686254-5787-453d-be9d-e0c862042c1b,FALSE
9316c05d-2eb5-43cc-a3e5-1e9be67f8131,FALSE
ae4161ee-e705-4dee-8bd8-28f4591f0d4e,FALSE
6f1a724d-d7c7-45d6-9b2a-30f4c75cf1e2,TRUE
f94084e5-4a55-441b-b5ec-17d6e27b4ddf,TRUE
64c171c6-815f-434d-b184-5e8a5ae035df,FALSE
71fc9426-a78c-4e76-90e2-4706d6a13ea8,FALSE
649fc1ec-27e2-449f-beb6-7056e65f38a2,FALSE
7e835773-cba9-48eb-b482-c1bb9e58ccaa,FALSE
f9ac3b7a-965c-4752-9506-e62b40fbb5a7,FALSE
02e83c74-410f-45dc-bff9-54a49ee37c9d,FALSE
c9dfe135-29f1-4fe5-ba1d-79a593216dfd,FALSE
165912a9-f509-4b97-9a21-3db874f84ad8,FALSE
21e3c0b3-433b-4bd8-a633-fbbf1a523fe5,FALSE
64e0192f-f5d4-43c1-8da7-bc77864f41d4,FALSE
96a81cf8-547e-4231-9e8b-f06ffa97fa82,FALSE
35c1612c-4f33-42c7-b5d4-a3fdd13ac45d,TRUE
659fc224-2f26-43a2-9497-b975d5d58b91,FALSE
6ad5e5f2-8c90-4eaf-9da0-01e6a27eea9c,FALSE
e921b18d-39ea-443b-9b83-bda396ada843,FALSE
39f624cd-5b64-4a4d-b16e-efd1ca786cc9,FALSE
c0254909-4f36-467c-abfb-5e1d34209bff,FALSE
0b946bb7-5bfa-44d3-84c2-e334f8093877,FALSE
76daba41-d194-4d41-9ab3-8f2eadd71341,FALSE
5fedc846-1b49-48b2-bbf1-16ec79457805,FALSE
0de33da1-b486-4961-beef-145cc97b7042,TRUE
b70816d9-91e4-4df9-8e77-631e5fd0d17a,TRUE
33ba278e-c257-4e78-9401-d51376644ea1,FALSE
b2f3ed32-16bf-4d35-bb5e-acb08b0931ac,FALSE
6708c2f0-de1f-4461-9212-0345f0388b64,FALSE
a961178f-68df-4d84-b7c8-aee209284910,FALSE
6ef1de2d-6a55-4b9e-a620-28a106a14792,FALSE
ed9f8b9b-6200-4b4a-97bb-72da55852695,FALSE
6ab499b6-9c49-40cb-9ca6-a81f8433b1c5,FALSE
bf874ae9-53d3-4662-a192-b860e2242bf1,FALSE
fec714c8-0f9a-4228-a554-d416deebf85e,FALSE
2d4a44cc-5dc0-4701-a230-29ec8c278522,FALSE
8f257d35-4af3-470d-843f-9088a320c673,FALSE
f288be76-1c7a-4ff6-bebe-d3c6d9401ec1,TRUE
e7ac47fc-1222-4b6d-baa6-a9fa02ba33bb,FALSE
8071ae06-4d25-4917-8060-970022cd8552,FALSE
fbc0b226-0c4e-4fdf-a38c-9d7031fee56a,FALSE
97cbe999-213f-4213-ad46-3086ac7e66b6,FALSE
c521b9f1-4d20-41cc-b05c-57824f196f48,FALSE
4fa92b80-d47b-4e35-b7c5-39e65385e1c4,FALSE
b24ece5f-f06d-424a-a66e-9b00d86d2c2f,FALSE
831548c8-05fa-4c11-945f-13062626508d,FALSE
179fd4e1-804d-44d6-bf82-99c5dde53381,FALSE
a91aa140-1ad1-4bb5-a21f-8ca02a80be6d,TRUE
af2fd1c6-662f-4967-81f2-6f98791dceac,FALSE
44918a2e-b2f9-47e1-863e-d558fe38d7fe,FALSE
b8df0900-34a7-42ac-9915-d2246f184459,FALSE
777493cf-b860-4bc2-a72d-41a8d12cac30,TRUE
19140dc5-b991-4209-862d-b6f58243db2f,FALSE
9061205f-a247-4a01-873a-c31832527a24,FALSE
5b764219-2643-4298-a4fb-703a58a90457,FALSE
f2801dbe-f9e3-41e0-94ce-735a33f5ea3b,FALSE
85872e0a-3135-4de5-8cf4-4706f62a691e,FALSE
1fdcb70f-6661-4ae1-ac07-0d1629e5fe2d,TRUE
052ce553-3994-4dbe-bcaf-938d0c4f1dba,FALSE
3a7066c4-84e2-4abc-a08a-344c48102bd4,FALSE
0a90df19-3688-42eb-bb4c-d949a526609d,TRUE
b995692b-4dd5-4e71-9538-a928d6a27a57,FALSE
69ec1590-2191-4c87-9847-fc689f2edd48,FALSE
14b88ce5-aaf5-4ddd-b48e-0801080bd742,FALSE
967f3d4e-ee5c-403c-b9ea-a5df153806c4,FALSE
83f746d1-5b50-4d40-92c6-97268e01e7d6,FALSE
90668000-4a92-4fba-ac40-4f0366b2ed6f,FALSE
e3208f95-b033-40a8-a16e-3905d990cf77,FALSE
697cf8fe-654d-44e3-8093-c9855d7e72e1,FALSE
299e77a9-3e15-4b62-9f7f-7dbd239c2c73,TRUE
e31a6f29-fb84-4e04-bbf4-7e6702c05035,TRUE
0f101423-721a-4ab6-9bf0-a9a20c0266c8,FALSE
c1b82d57-9e1b-4ebd-be50-bfa50eee47b7,FALSE
14c495b1-c399-466e-ab1e-0316bc4657ba,FALSE
83f94ad7-6993-40a4-8e95-9807ae2ae14c,FALSE
f2f32cf2-cc46-413d-99f0-1a5b0d6acbc0,FALSE
4eacb632-acb8-4816-bc5a-a0c739660db2,FALSE
72786f76-b692-4306-8fb6-df4efe77fdfd,FALSE
615de4b4-57bd-4dc6-aaab-7e66871e992a,TRUE
1e221d11-c937-4906-8472-5f9c079a0849,TRUE
1e9577c4-9e52-498e-a8e2-6ef4e9e2d951,TRUE
bf73b112-dcc6-461d-b75c-d77933a94575,FALSE
5527ce3f-502c-47da-9a40-c76c96be5962,FALSE
9d39cf3d-178e-4532-b354-9248292efe2c,FALSE
bfa11dda-6e98-430a-be6a-8491903384c7,TRUE
e23f7225-0950-4c87-b2b6-c3e11d2c041e,TRUE
98bf5f13-37c9-4a27-bc9c-05be756fb8c0,FALSE
d2827d3b-bcd4-44f0-a365-663200cf7cc5,FALSE
0d06b23d-c27c-46a0-adc1-92c78514db24,FALSE
50c16ed8-61bf-4318-a701-28c91ccf2c61,FALSE
27ba42a3-3f3f-43eb-87f6-09933ab4b788,FALSE
6205ad04-0627-4420-b866-72d2a9b64bbf,FALSE
745de89a-33eb-4879-a1ba-f27246fdfad6,FALSE
8edc99da-5c77-4321-b249-31ebda287f14,FALSE
cbab4a6d-70e7-4a3f-a3ac-41aa5bb72426,FALSE
7b3da860-74bc-42b2-8035-f8b9b37148b3,FALSE
0dfdffcb-7499-46b2-a5b9-85f3c92eeb04,TRUE
1c476eda-928a-48dd-b593-4062dec68242,FALSE
f41f6a06-a49c-4391-a93a-d6bb21ad6754,FALSE
98deef34-8b3e-49fe-803f-ab26df4d13fb,FALSE
0034a2c9-966d-4597-9c53-d6db387db76b,FALSE
535c3497-4bf0-496f-9cb2-6a4d66800467,FALSE
aa5a2a54-d4aa-4d0d-a944-3a832de9a1e3,FALSE
3d8c8fa7-5a39-4c59-a596-0707996c1511,FALSE
550108eb-fbd6-4d81-8132-3a02dfdcb35f,TRUE
0b764725-f19c-4dbc-9c37-6ab8fedb41b7,FALSE
76722dd5-6a7f-47cb-8921-535d1538cf0e,TRUE
a12bd9c7-9617-4dc7-8c2d-c545ab0d2a0a,FALSE
4d44f2c6-77f1-48db-88e6-29d711cdbe8e,FALSE
6c14f48e-4f5f-482d-a00c-452d63204b84,TRUE
973ebbf6-359a-4805-bca8-1b8aeeaabd37,TRUE
ef00072a-5090-4826-81ee-5d549cfc1202,TRUE
48dd2071-e4ff-4806-a810-675c77dfbbee,TRUE
c8bdf0d4-7c07-4c88-8865-62554dde07b6,TRUE
1c0d1b06-2581-435b-aaf0-9eac30436981,FALSE
0a6b1bfa-f93f-41af-b524-28d07f0ee7cd,TRUE
cdf09aac-c14d-405c-8cea-37f757039014,FALSE
4ecdf9bf-5b36-418a-872e-7b77883298c2,FALSE
a0388e95-3c64-4d8a-b7f1-f356a20316c5,FALSE
52decf17-b2a8-44e8-a251-750c9d9e900b,TRUE
a8d6f400-16f5-4728-a066-72aa44ccf4cb,TRUE
0b6b9254-4258-4d23-a52f-a03ea633df70,TRUE
77ceaaca-919e-4eb5-bc29-18489a86c973,FALSE
decf3759-1fca-45d0-9bcc-0f66b20181b6,FALSE
56f1faaa-7077-4255-a115-39e6ebf2de1b,TRUE
7657dc37-9f04-4ecc-a12a-492783631dda,FALSE
7645c72c-c478-4eac-b978-068d1b7c50f4,FALSE
a1b69138-aafc-494b-a4cd-41ec528eea6e,FALSE
053e4771-e01a-4cb6-83b9-af51465c49bb,FALSE
1fa36daf-6846-400b-b0f7-72df77d6d9db,FALSE
fa561af7-1d48-4aa6-8bf6-13e82a0e8c1f,FALSE
d5e0f00b-f2ed-4523-a198-7fba24d83f26,TRUE
e0515446-2fc2-46ef-bd86-1ba625eb36fe,TRUE
b4330019-d572-4176-b3b3-a86bdb48ff57,FALSE
8cfe4da6-7417-4bd7-a235-f536f58a950a,FALSE
07934724-5a05-4693-afbb-532085c0db19,FALSE
f9993639-603c-4828-9260-538379ac0e8a,FALSE
091744fe-73b9-422e-ad6c-65ca6ff4786d,FALSE
09d3a728-b5f9-4ce7-918e-f1b62919c632,FALSE
8e9cd19a-b3f0-4b6a-8e57-7d39a29219ba,FALSE
c4928e34-2daf-49f3-86c9-856d6e61cb7e,TRUE
46a217bf-8c20-4382-923b-0f63fd976b52,FALSE
d9092581-937a-4fe5-b74d-3f34e20cc79e,FALSE
f52abac2-1d25-40bf-852d-558f8267a9e3,FALSE
6b4fce67-71e5-4bb2-96a0-dd936e05c5dc,FALSE
8d720dda-7277-49be-8d66-b5344af26287,FALSE
1c9b39ff-0b33-43b8-93a0-4ad572cbc349,FALSE
c1c79987-af11-44cc-a6d5-5b11b20d9cdc,FALSE
23a9509d-7c4c-48ed-b586-ea64bbe33742,FALSE
29ad434a-4494-4d22-b0fa-87010a8dd9b0,TRUE
03f4910d-70a4-4810-94d0-73dbf8eae32c,FALSE
b01126fe-aa2f-4f80-a8d6-e3dd16cb4047,FALSE
03dd44d7-f01f-478f-a65b-6438bed53f4b,FALSE
b8024f7b-8dad-4d97-9199-d57bfe682a8f,FALSE
f3e77ce0-32ac-4f42-9a08-068810e8ff11,FALSE
754e3a28-80e0-40f8-ad75-9608ba98da07,FALSE
055c6e14-40a5-4273-8f2b-1b2db54831d7,FALSE
22b5b6a1-f1ce-4d81-9714-ac150218cd93,FALSE
f0be848f-ad7d-46f0-87d5-e25cb2e48034,FALSE
fb6b1156-e2d2-429b-a10f-1319c8e33524,FALSE
d7eb398d-77d7-4b98-9771-422820501a6b,FALSE
226109ba-f2dd-4792-b9bb-08369b7a4407,FALSE
a23cf460-3f95-4219-a497-30dbf4ad8582,FALSE
118d05b5-2974-482d-a9d0-689c7159d9d7,FALSE
cc82e930-f101-4f52-a292-6ea0fdc03d80,TRUE
17f61bf1-0f4f-43a1-b017-5078d242f94f,FALSE
c64c1f14-0795-4dd3-b7e5-7c38c5882875,FALSE
e8c4fa2f-f0ee-41e7-846e-e3de4e5a37f2,FALSE
cfae6afb-9879-4a30-85f0-9a23f10bda81,FALSE
7c13da7d-387d-487f-b532-d7f9cd48a57f,FALSE
17cf302a-286b-4256-a49b-2277c6c39595,FALSE
1af09e1b-5a1b-4524-99dc-c05ca7f76fa6,FALSE
d472d0e5-ea68-4036-b75f-f604d9cf6452,FALSE
d1bd537c-4197-47a9-80bb-95c4dd8c768e,FALSE
cee122ea-ce1f-4caa-8633-21a867fd731b,FALSE
6830a0e5-3941-4571-a383-76ce656713b0,FALSE
03870f6e-a145-4d71-9fa7-4df3f214a6b9,FALSE
44887f10-550e-4e86-8b15-91bc025e2259,FALSE
d7b492ef-fc6c-4716-9aeb-7e0802d630a7,FALSE
c1532b11-e18e-49ca-a15d-2ea79bd04107,FALSE
4b613f5f-fa01-403d-bd43-017da666961f,TRUE
00c66ec5-7b27-439c-b437-e5180664c55e,FALSE
e0c5d347-77f4-4935-9cf4-e8b9a49d2eae,FALSE
ff6dfcb4-4600-4880-b54a-ffc466bde8a5,FALSE
d669e44b-a3d4-49e7-9c6b-15bb0c6dfd54,FALSE
4edb37ed-0e13-4d94-b130-c35ab4808957,FALSE
7f42aa1d-9c52-4c63-b53c-50289309f304,FALSE
5efc21c5-0ba4-4fc9-93b1-7a4705215229,FALSE
0e781aae-7046-4380-822c-fa5cedd035e7,FALSE
3fe30862-edc4-4c60-a9b2-e705fc35cbf8,FALSE
c31eb6fd-73a9-43b3-aaf3-2943c6a4364d,FALSE
e37b5299-200c-41ed-9147-c86045829a77,FALSE
1bbdd999-c805-439e-a4b9-4f17d1be6675,FALSE
eed9173a-0d67-49b2-afd2-aabe8fd50424,FALSE
86c7b53c-cc9e-4bad-9cc2-c8d05f6cd57b,FALSE
4948f093-ea3c-4029-acf7-adeac600b98b,FALSE
2da648bc-05dc-433f-afb3-b94ed291bf07,FALSE
96b7e095-7d00-40d0-978f-f9e33a7cd9cd,FALSE
a4ef8c69-0b04-4a0a-a720-30dc06c5d630,FALSE
360a58be-c8ed-4082-9bab-54cefa2be72f,FALSE
99746b20-9317-4bf6-9b8b-ced818ddddef,FALSE
0f6a8040-0cc5-4d59-8d90-77b8ed03b641,FALSE
38b1ef1d-ea40-442e-9e51-560bd5d7ab94,FALSE
fb78891b-664f-4266-89e1-8d2d94d9ea73,FALSE
96addbdf-8ea8-4ab2-844e-233739a77ca9,FALSE
f10b5683-64c0-4f4a-b363-8e78a50132b3,TRUE
77ca75ac-e619-4114-97ef-f1e24ab83707,FALSE
54f1c207-c2fe-4d52-aa47-440fe072f152,FALSE
fa86102b-6d96-4d8c-aea0-983de19ce510,FALSE
d49f64a0-23dc-4575-b21d-f261f20755e9,FALSE
0ec5d382-1e09-421d-8b11-f0756d0bb09f,FALSE
4b57fd74-778b-4c1d-a03f-d6051c88e3be,FALSE
af140f5d-9524-4783-82ff-9e70a9cfcfef,FALSE
f6fd7eef-4317-4080-b592-28254683e294,FALSE
b305cb42-0aeb-49d1-a353-cb18a031f6e6,FALSE
a8b84e8e-bb1d-4194-af88-5a8a0cb1ad18,FALSE
8b7ed09e-e29a-4661-b2f1-336f127c17b2,FALSE
379dacdd-8827-4bd6-ad53-b45f32592c9f,FALSE
625bba5f-119a-4dfe-aa6d-9b72737aec9f,FALSE
f0c4bb97-6a01-4e53-b209-7af59d495a00,FALSE
2492028c-5ba7-4d4e-825c-7b8b4e184cc1,FALSE
cb4c19f7-856b-4230-93d4-436d4e465d4c,FALSE
7a4df109-041e-4401-bc95-9b4ca70b2bc7,FALSE
2a68641a-c5ed-4262-80ea-b93ea6ca2c71,FALSE
afe19521-1e26-4936-9e8e-70350a7e6331,FALSE
f6fb2939-204d-4c0e-bc12-7c2c1a447701,FALSE
79f5ce34-cd5c-4d7a-8401-2fa1b316dcc6,FALSE
3d98fe1d-eff8-4f1f-b221-6015508384a8,TRUE
99fa74e1-65e9-4876-948e-18bc2956577c,TRUE
723d3432-46cf-4382-8da1-81f3f74e4fc1,TRUE
813a08b9-87b1-4438-acc6-1e7c06e7f4c9,TRUE
261bb37a-baa1-4d8c-b04b-08a486d66650,FALSE
5ae027be-3b06-4cff-a752-086197b0044b,FALSE
21804936-3e7b-4b46-b399-c99c1a48e95d,FALSE
c059c5ca-bfae-4cac-982c-4e89e453311c,FALSE
92239154-5fc1-4cef-90a0-aef391a74264,FALSE
2c6670a6-4137-4202-aeb9-e4da59d7b1d9,FALSE
b4af5624-25c3-4611-a3dd-0ef0c023ae3c,FALSE
e1aafed1-3cf5-41f7-8afd-01268640e088,FALSE
20223ac0-95ab-452b-838b-592c899860d9,FALSE
bb1e439a-c9be-4341-ab12-347832c2cac0,FALSE
b877f525-6a4b-4f9e-a40e-8d553a045cf4,FALSE
4999ce7f-eac4-4c0d-9009-2fc9ef9e67bb,FALSE
c17187a6-5f0a-447f-af4d-f653422989ff,TRUE
cf668c4f-bcb8-4c6a-b461-b1e788a3d2f3,FALSE
95e3cc4c-883f-42d7-a76b-165527d00126,FALSE
159e5e2e-6fb6-427f-8da6-e84f3de1d7fa,FALSE
92fc20d9-1288-45dc-9604-90d78f1235a6,FALSE
a2c4327e-e10b-4e95-ac4b-f661d3e99a62,FALSE
c4f5ca3a-9d99-4459-9a85-36c324ab7863,FALSE
ea401f91-b61e-4559-877a-ad66fdb3bc31,FALSE
b401c468-e691-4b6e-a736-4c0a4960737c,TRUE
2ac4c536-e7dc-4107-8309-15996a443ea3,FALSE
9362fd0e-dd5e-4e1e-bd33-1f66e7908385,FALSE
e074db87-fbfc-44e5-b4e5-66ee937e7401,FALSE
a5615d56-c042-48a3-85de-e5bcb6ef3e0d,FALSE
aa32e9db-cb7f-43d4-8601-b71a512d65f8,FALSE
249bc876-e106-4a89-ae72-c7c4ec389a75,FALSE
4df0efc0-7da0-4874-9e6a-e87c80857abe,TRUE
e9ec25fb-d93c-479a-b107-c74141dc76b9,FALSE
3965dcd5-d440-437c-ac30-22dca6119852,FALSE
ae2a1a13-4506-422a-b82a-a0e916a544fd,FALSE
7107c388-1a33-40a0-89a1-7c17b8eb383c,FALSE
d91baa39-e873-4c18-973f-80c5c271c91d,FALSE
66532f35-08e5-4789-a6fd-050a5a0487f4,FALSE
759ec3de-5ea8-4617-a7ab-330db48eda91,FALSE
e709810b-145e-4e6a-8477-b91db14716fe,FALSE
35576ed2-12c1-4fab-8eb6-f6dc69a4baa3,FALSE
d1c50002-03ef-4d0f-b44a-81232e9da750,FALSE
de1f4fa3-d2b5-4e3e-8909-19bbd234628f,FALSE
055cea8c-226a-460f-901c-4088948a2cd0,FALSE
d9c1200c-a212-4843-84bd-acc4bc6a09ab,FALSE
0ffc1755-8782-4317-ac3c-6ae3d03d3a42,FALSE
eef2e376-0db1-4786-a6e3-626abb48bdc1,FALSE
5ff84633-d95d-4514-9137-2c1fb67ec78b,FALSE
29794802-6380-4564-be58-7f1dba5b6a6b,FALSE
128207a6-9d4e-431c-a6eb-78d1296f1745,FALSE
3a23d5e7-d37f-41f4-b2bb-c73c3835dd23,FALSE
c0a94092-e439-439f-8901-90c709bddab7,FALSE
fb377d98-3704-4cb7-8c14-db2f02bf8cd8,FALSE
9f41e102-0c09-488d-a5c1-cffa17d0a930,FALSE
06a8990f-40d8-498d-b52d-f63c16967d8d,FALSE
d9d454b8-032f-4756-9c1a-caea43f51a26,FALSE
1e8fffc6-dac5-4904-b87d-0c62f06aafcc,FALSE
085a7728-97ee-400f-9a61-f9c02995147d,FALSE
bfdf6d43-4365-4f62-a868-ed5c36f5e258,FALSE
ee73c529-1a12-40a9-8ee9-38d273fdd930,FALSE
5c71f35b-0f92-4e71-bbf1-445b596e8b50,TRUE
e9f3d939-070f-4c05-b5bf-d4097d460d4c,FALSE
4b64d969-c374-47b6-9735-37b5ed7af89d,FALSE
fa37c331-c8e2-4aba-87a9-2c4b2a03efe0,FALSE
4f1f6988-5f9c-4ad8-830d-4e8f1fdb6354,FALSE
1e812acc-de5b-4f18-aec9-2ec1e9702081,FALSE
7ddbe5ff-b162-4943-9482-7fcd8ee8af05,FALSE
e8271898-278f-4668-9aed-24c4a88879e0,FALSE
f0bec26e-256b-4a2d-a03a-a04e06e6fa1a,FALSE
234378b3-d840-4a30-a4df-c4d02978221e,FALSE
4f6e2f4a-418c-4c8b-a3a5-4231561de111,FALSE
a95a0d3c-1efa-4e3f-8055-c83ebe56d978,FALSE
cd7c3cbb-157d-4d90-ba76-4689d33fe8d0,FALSE
834bba2e-448b-4686-b2f9-59513bb1f487,FALSE
63630259-fef1-45b4-89fe-7230dd10ffcb,FALSE
84382af0-77a8-499b-b14c-dc7f8f79ff5b,FALSE
1f106db3-f1ec-40a8-bdf1-145ee954bd4e,FALSE
ea439a71-2c28-4ad8-8eb7-dfc76f9fd9c5,FALSE
41afe71d-d85f-4c86-b9b2-2023dfc1dbc0,FALSE
ffe57d50-a4a3-4490-ba60-d3d215dd0b72,FALSE
78ed3a3e-6ad3-4e48-87a7-38d7a7d97729,FALSE
8c81e4ab-c3f9-4a6d-90df-a86e0fcb5d5c,FALSE
35d63fc9-5a3c-47fc-8df6-0521a751d6b4,TRUE
0452625f-0af7-403a-a4fa-b09c69c9a891,TRUE
ce6d713e-e75f-4ba9-8639-cb327ff14d33,TRUE
f984e29c-d6c3-46b1-af72-c10b57e97056,FALSE
a28ebe97-b3e6-47e0-ad62-e5cc17ae4449,TRUE
e3ecc8d3-d15d-4194-8c76-ca56aee22300,TRUE
f3238604-ff40-4723-830d-05a0797d527b,TRUE
74c46fce-d0d0-4e7d-bde8-e55ea414573a,FALSE
8fbc0830-3b4b-4215-a49f-b5d970b0a729,TRUE
90005087-bef8-4f6c-b62d-c40c3bb3b8c9,TRUE
634e77b7-43ae-42c3-8f01-2083573010d6,FALSE
03c799fc-0e0c-4e6a-8ff8-5371b3540899,TRUE
8e4de572-268a-49eb-addc-ff54468121ba,TRUE
9c540bed-ef14-4cea-bbef-18dfdf8e1ef0,FALSE
3520b26b-2a43-4e75-87b2-415cd83c9c11,FALSE
2b34ae41-d2b6-4738-a2f3-255eb8996910,FALSE
215f8675-6439-43b0-91f0-4e1d42ceecaf,FALSE
e046e98a-0a0a-4cfa-9bc3-21e0dabdef52,FALSE
d8402669-7fa5-439c-a541-e28063b72976,FALSE
8aeea75a-ff95-4321-a120-bf3ddc7490b5,FALSE
91ddc135-5e11-41f7-a1fa-e1d147e7ca8c,FALSE
23d2edef-2921-441a-a753-78944e2870ee,FALSE
b0901e5f-39ab-4c8a-8648-b782fab075f4,TRUE
aa922d38-b899-43aa-87f1-c5855c553357,FALSE
b835b891-dea8-407a-8fa3-10918827a28c,FALSE
876af80c-0834-4ed8-84a9-0bf71a8e131e,FALSE
d69651e8-b3ea-49f2-8331-3476f3ee5069,FALSE
4b458fff-9dfc-4e0c-a6e7-9d29876801e9,FALSE
6d711f5c-1a9a-4848-8710-f368719ab2b7,TRUE
19c7fb57-9b89-4adf-b800-9f9c5a9339d0,FALSE
4b6c6593-e41f-4d3e-b509-e9bbe33d03e3,FALSE
e7192d1f-27e9-4b9d-a402-b9e92cf38f94,FALSE
22265051-4f33-4427-ad97-f5ef88a6b32a,FALSE
45f62a86-2784-4319-ad78-66fa38928465,FALSE
4be3dc4b-01dd-4d70-99d6-bdd573ec761b,FALSE
3b2ce8f4-495e-4813-b4d4-bfdadc3a4354,FALSE
b34f06ee-cc32-4398-b214-f67da411899a,TRUE
95865864-bbf4-45ea-acab-9f15fb7f5b7b,FALSE
5889d8e6-5ba6-4bc3-b3ef-c94db24905f2,FALSE
265cf1e3-11ab-4985-8fdc-95150b253316,FALSE
db51b350-e029-4c01-a6b3-633e766196fb,FALSE
78d8de83-a5c5-4408-b97d-0e248582adbb,FALSE
83bf6b04-a623-464a-a96f-7112e8b59d51,FALSE
80a8b22c-8de1-482a-b1e1-4d4aa507e56d,FALSE
1ed1387d-b82e-4f2b-96b0-6359d9efa405,FALSE
d311e34e-2e25-4d79-8403-2691e5466cbc,FALSE
662cca59-e0cc-49db-9e6a-0c5435326324,FALSE
c3c88e9a-b4f0-4efd-a81c-7b9590de0d8b,FALSE
a463e216-0ded-48d0-99d7-c78f2672e9a2,FALSE
a92498a5-462e-487b-932f-57e484c3ad7f,FALSE
49fc2198-46a4-4951-b62d-653a390cd404,FALSE
ab34fd5f-72e7-4ddc-a412-4438463e356e,FALSE
d756abad-4b79-4770-91b7-8666bf1212e8,FALSE
eac21ae3-19ca-41a9-a64d-0ef992c18c91,TRUE
f325b9ad-1d0e-4589-a7fe-7051d767b087,FALSE
3cf1ecc1-f355-4eb0-8d66-0cd72069ec03,TRUE
5627c752-0b79-4133-8ccb-da0f8f9a7c54,TRUE
f2ee8aa1-6df2-4707-a5bf-45d8c2094265,TRUE
955d0272-abae-4913-b1f6-2f424d52ccab,FALSE
86d956ea-df08-428c-be72-d2612fb810db,FALSE
b3e7b004-6a33-4240-b651-98f87faca1a5,FALSE
80eae5d1-8236-4ba9-bf31-41b6b398582b,TRUE
91c11d4a-c2e8-49a9-af06-d5158707a09e,FALSE
840becad-9d73-4191-991f-29cc71c8cf8f,FALSE
14329f04-fe59-4357-91c4-0a6ae95cac8b,FALSE
08ef1417-2b7c-4e48-924e-35c7809f320f,FALSE
33bbcba2-fb9e-42e7-a6e9-da04dbb0d36c,FALSE
3ef0a277-6c2d-47ac-b568-ae34382b6532,TRUE
7c743b93-3386-41d5-9901-e128b2f4ee3d,FALSE
ef600eb0-3c4e-40d7-9b90-0b60ada93e57,FALSE
73fc8c2b-cca7-4086-a0ed-60e41b2b7ae8,FALSE
1beb5c2d-4995-4d2b-99fd-3db9e615f0ee,FALSE
30d5bd0f-2caf-4c8c-80c6-86543e36a2c7,FALSE
2d03e7b2-7318-4c32-90c4-9dc875d77648,TRUE
3c63833c-7671-4e1c-b723-c7610f8abca4,FALSE
a6ecf942-ee26-4c45-9f98-a13226a610ae,FALSE
baa894d2-d680-4089-93e1-2ab87420f9b6,FALSE
c5e2adc6-c246-490b-ad26-bdb428eadaae,FALSE
6a3fe3c9-a9f0-41d9-8d48-73955c635c92,FALSE
cf10eddf-3868-42c1-8d1d-d0ba34fcae0c,FALSE
388b7fcf-41ea-430d-b2fc-942c07f40fbe,FALSE
87a91a53-1acc-48b7-b5a4-4327422b6fb3,FALSE
36a71f35-a05b-4cb7-8b6b-94bf1b2e4539,TRUE
5c1d260a-6b25-4c50-87b6-36482a5ce440,TRUE
7ec96cab-5f50-4937-9081-2973e31c1923,FALSE
57dc2581-856c-4f37-89cb-5a550d1fa3a9,FALSE
eaf29103-be0f-469b-884d-39c31dacbb88,FALSE
ae887dcd-2213-4ee5-9e5e-dd482d200b50,FALSE
5361c4b9-09ef-43b5-bdb8-ea515fefefd1,FALSE
27d199f6-34b5-4471-aff7-eb7128d18c77,FALSE
b38628a6-8ad9-464a-ada5-b3d93647e8c6,FALSE
4b26e040-dd85-41b9-ba53-6e741050a669,FALSE
eaef3dca-ed35-40a0-8dc0-2338b9b517e7,FALSE
0570c25d-6eb0-4890-bf61-740487d6ba43,FALSE
1ee9fc6b-2323-43e3-ab87-f7e171b115a2,FALSE
f4862f97-8968-4d33-880e-97aaf400b3cd,FALSE
ee172f52-6331-493e-8197-66360f1771fc,FALSE
49cc13f0-442c-4e1a-91d1-8faf98aa6f9f,FALSE
72a75ee1-20ab-4ece-a905-5368d7b9ec7c,FALSE
adf1d48f-b510-4286-9a65-d6b017825ab9,FALSE
2b88ec47-76e2-4a3a-8e74-73023143ad47,FALSE
d17995e7-27cf-4388-abf7-760c433b2a8f,FALSE
a4ed0a5b-3bd8-4af9-8730-8cda89bc8540,FALSE
4f6c6923-9f09-457b-9fea-e15b5b1c8bdc,FALSE
48e8da4a-921d-4079-9a27-615116eaa8a3,FALSE
948d1033-7664-4209-8591-f8ef64c1bcba,FALSE
be3f756c-f240-4eaa-ae01-07633d42ea39,FALSE
90cf53cb-799d-45d6-84df-7e3aff97cabc,TRUE
9d121a83-05e2-4523-ad06-11b4909d49bb,FALSE
a2e0c9fe-3ded-467d-b14d-45f00be1371d,FALSE
340a08eb-f4ee-4e37-9d13-c046fb97e2a9,FALSE
0b8f2f76-5169-420c-8b9c-f77ff9c70a33,FALSE
11d9b915-23c9-4f62-9277-566d4723693e,TRUE
7b4bde42-af23-40fb-8dba-a11759556be4,FALSE
6447e211-4839-4fa5-a1be-a56efc4e7feb,TRUE
b2ba096b-20a1-46e5-ae01-c520cb23029f,FALSE
5c0dff34-c815-45a2-a4e9-8c436ccd1117,FALSE
6852e4c0-937d-42fb-8335-45c54bae34e9,TRUE
a05956ce-1b64-4d5b-8115-8281a3d27e69,TRUE
d37df0b9-9619-4572-a695-631f1e698342,TRUE
dc3ecd65-d47e-4c77-8214-6e7cec5571d2,FALSE
93004bba-5552-4a6f-8fca-efda81e8b58c,FALSE
dadfd280-28c7-408c-9e65-b9b80eaacbe2,FALSE
a682a979-48ba-4d74-b873-5b9f02b5d9f6,FALSE
8672cf05-8cf0-4d54-9c4a-85de2212d341,FALSE
9f495f3a-ad64-4eba-9333-51d843a4d744,FALSE
39e28328-e6b5-4cc1-97ae-e07f66b39a69,TRUE
e0fe5fee-e796-4a16-8547-c0b494804c99,FALSE
f6917ea5-98cb-4eb4-9fb0-8c591aead4fd,TRUE
6ce03584-18a4-462d-8905-b6f5e8ce5309,TRUE
4924f8d5-613f-48dd-b80f-8729a11094bf,FALSE
c9014b65-f7d7-45da-9824-e4996a24fbd0,FALSE
5624b1e3-21e3-469d-863e-a8e28ca77612,FALSE
08a6c6ce-190d-49ff-a664-e4ee1fd489ef,FALSE
33f27d79-0e0c-440d-ab16-9452630c0290,FALSE
1105d23d-54e4-4e00-a10a-ae3aec33decb,TRUE
bd238c26-082a-4caf-acc4-00b264c796b6,FALSE
101722db-0a44-4aad-a3fd-49382075f192,FALSE
1cbaaa8f-6724-4b90-8f9b-e3b9f6f31ddd,TRUE
5a1cd5dc-1229-4c30-b5f8-67ca77bb9471,FALSE
ef9ec9a8-db3a-4b57-a7ca-0065de6eafcf,TRUE
a5b9b399-5a41-416b-bf88-4f91333cb032,FALSE
9ca0f2d3-aa68-4a0e-a543-f55619fc3dcc,TRUE
8e4705e1-75c1-49f7-907d-05aea57989c5,FALSE
6c25397f-4291-47e8-ada5-efab8a05bb56,TRUE
bf3a431b-c8ca-4fd8-ac88-740adfa5f63e,FALSE
128bc391-e9d7-4135-9f1e-eba41a251c8d,FALSE
e7aedc1d-f3e6-4b88-8fee-e22ddc587a3c,FALSE
8ac09d3a-6256-42b4-b07b-586ce954e58b,FALSE
a1c21b2c-36d9-46da-ad8a-051036bdf8d9,FALSE
c8dd51fb-cd0f-4aed-92bd-7f6a05404503,TRUE
e3d9efea-d338-4754-866f-dccf670501e9,FALSE
904d820a-fa70-483e-8a3e-5abec47a7e23,FALSE
24d911ae-c73b-4acc-b8c2-f501c56306f4,FALSE
95899b49-c218-4bf1-9fc8-927002302a37,FALSE
e1d19d85-3679-40c2-a865-0f6fa984fe85,FALSE
9db642f3-83bc-4535-9ec8-67a84629eabf,FALSE
ad424c2d-9fb4-46ab-a726-74ec27de788a,FALSE
c8e652a4-c78d-4c16-98bf-fdfa0fc45a70,FALSE
5031c7c6-c959-483e-9d71-3a6c57e07620,FALSE
c4cb3f35-0be8-4a0d-bdf6-5d5f3354b3c8,FALSE
021a18fb-e260-4bdc-8286-3be9aee23203,FALSE
135aaa7c-f47b-4257-a124-a93a51635dfe,FALSE
b0c0ca50-6c7a-48e2-80d4-a1211491a729,FALSE
ce38bcfe-54a6-473e-a950-fa7b77a5c09d,FALSE
721e7d91-a411-44d2-8ee9-9a4cb36caf03,FALSE
6fcd404b-ae2d-4ad7-aa00-43df1e2c5a51,FALSE
cf5c263d-91bc-440b-b20f-11c4d63811d5,FALSE
48e20798-01df-4bf5-8f57-97a62e628541,FALSE
64339294-92ae-4382-8734-77b5952e2f20,FALSE
af0455a1-ac47-4856-8f1a-d7267b30f7e1,FALSE
a5463ddb-7889-4536-b04b-8a33dbb60be8,FALSE
f3260da3-4b0c-4acc-81e7-33a99a176ead,FALSE
8e1e43a4-3c05-478e-8230-8a10ecc63791,FALSE
1a53967f-296e-4f9c-8390-cbaa61286866,FALSE
93dcbff6-c8f0-475a-9ddd-996915595c1c,FALSE
feb9dbbb-2c2e-491e-b929-5ddd148b58f4,FALSE
d7d4a384-3a30-4411-8564-472e27c2e1f0,FALSE
d2446264-3427-4cdf-aec4-5f9360823d90,FALSE
0e0b622c-10e9-473f-9433-86d33aba54ea,FALSE
78eae9ff-14a0-42dc-bee5-1303b5d6bc20,FALSE
0976102d-8c58-4e17-876a-94946623ed32,FALSE
f05a373e-a8e4-4745-8089-86ebd442a132,TRUE
aaf0fc6e-6b69-484b-95c2-611f1526a02f,FALSE
90aef1d8-0864-4d6e-b033-c5681de32520,FALSE
899157bf-c9a6-420d-9fba-f5d1c796d94d,FALSE
03d32f53-7337-4a06-a896-d24109dff987,FALSE
923cfea9-cc42-4809-be86-8776f07ab328,FALSE
d2ca8035-099d-4d2d-a92c-389ea82b2923,FALSE
51524fd2-c9c6-4f78-85a4-c702f8e4b937,TRUE
86e5f140-7712-4aa4-a47f-456f004f2a74,FALSE
16985012-0760-4990-8686-49af5fabe254,FALSE
5ce8a961-9d89-4dfb-baff-37ba28090e0a,FALSE
692faec1-231c-44c6-93e5-c1a52cbdcec5,FALSE
04ae4b7f-1b0a-4c9c-b7a8-c71da2f7d54b,FALSE
995bfda0-e13b-4c19-8c19-ab61e041fa8c,FALSE
b1b9e5a4-7a56-45da-9c56-d03409c2f1fe,FALSE
94470d36-cbc7-4224-bd28-c1bf3858d177,FALSE
b1b172f7-dd80-4541-9bc1-27ec526deadc,FALSE
01360af7-c75a-4ef8-b575-155e97a38a2a,FALSE
8f38cb6e-5860-45e5-aa1e-9751e5b6d0c7,FALSE
2eeb599a-0e89-4736-8927-80ce07338da2,FALSE
86c4a0d5-63dd-4f49-af86-07c25244d524,TRUE
50f3514a-7de2-4557-815a-31fc4423c911,FALSE
daeb51fa-c944-40e0-9d03-c43a33ddab08,FALSE
b7d08a7e-5e28-4b02-8ac8-1c72b8450a4c,FALSE
946ef328-71ce-4056-9d51-55932cb22c08,FALSE
ecb47a5e-c246-4ea1-be5f-9d2cba757b0d,FALSE
cee93b07-2ccc-46e2-837a-cb5a806f0282,FALSE
eb1cfc38-ee95-42a1-b26b-2f89f06ecfa6,TRUE
4722c1a8-940b-4414-af5d-bf8c4066eba8,FALSE
c2fbc91e-4abe-4451-bd21-966226525dac,FALSE
f2aa11f3-a85a-4847-8959-e29e8e64b06f,FALSE
6caa753e-36d3-4a6a-ac36-130ce4a10f2f,FALSE
d0b3a730-39bf-4b75-91e7-6c67af90c5ca,TRUE
feb54f37-4924-421b-8940-4ca6dec9f8ae,FALSE
0803e8a0-33f3-4a06-99a1-ce8fa9b4f8af,TRUE
f1a88456-4fc8-40bd-a1ee-5160b1e4f14f,FALSE
e46ccf57-db64-472a-a97d-946050c18bd0,FALSE
e5739720-8e07-4f30-8826-5a80c91770bd,FALSE
5ea0ce5c-f46e-4170-8ffe-4ca6ff2f308a,FALSE
6bcbe278-7fa2-420f-be03-2dbc52cfae0f,FALSE
205f7c14-2f79-43a3-9c4b-8a6344e426c2,TRUE
abc2a1c8-ff83-482c-a1ec-c0441aca2b55,TRUE
0eb95614-74a9-4f43-b2c2-c4b160603d38,FALSE
b8ffebdb-2624-471a-88aa-fe103671e906,TRUE
e87150e0-dbca-4439-b474-7f1a6aced96f,FALSE
e84375ef-d2ec-4aae-90e1-716bede81733,FALSE
98aab0f7-6841-41ae-ab0c-8779c7bf275b,FALSE
b36eef1a-f20f-41c5-a0bc-b09d89b65fac,TRUE
52dd4c43-7328-4779-bb70-1c0784c9909e,TRUE
9248796c-889f-4bd6-82d6-0940692ea0db,FALSE
0ba6d0a3-173a-493e-8e7c-e57873fc5ba5,FALSE
680850a6-2771-4b9e-82dc-334021b7d451,FALSE
21df8e1f-b801-4f3b-90ad-949914305579,FALSE
3ae047f6-bb11-4a3b-aa8d-d3ac1dff5dfa,FALSE
18ea53a3-e130-49ac-abb7-250ac73ac53a,FALSE
f33ef85b-78f6-4a1a-bea7-28e2ce18238f,FALSE
6b6b2f97-fd26-4059-a4b3-054ae3c0e3cd,FALSE
10a8fc8b-e820-4201-ab11-1b7f16d54cd3,FALSE
e8d8e39f-dbea-460c-ae06-97f450cda06c,FALSE
acb1b07a-d260-4e95-84ae-466f216f4bfd,FALSE
1cb9d072-728b-46b4-9fff-376990fb7ae2,FALSE
963f854f-681e-4e69-91c3-295d24a7275b,FALSE
3b3ce9cb-6cf1-447e-af01-c6fcc9466059,FALSE
0182022a-d0f2-43ea-80ab-5a592f884ebe,FALSE
0f0a9471-e9ba-4731-8c6a-a2f2e2b40a1d,FALSE
d242fd52-6461-4b75-9823-232530cfa017,FALSE
a1a18cee-6191-4a91-b980-4dc22a7befb9,FALSE
30f9fbf6-e90b-47c7-b678-7c0a54e8b930,FALSE
7f0b8e5a-921e-4566-b023-419dd8789e46,FALSE
4219a55b-f68b-4a91-8a1c-9a2861f69761,FALSE
47ef5e02-6e5b-4ca5-8932-57ba9bf2a7f7,TRUE
8b18b3b6-5659-4083-843a-0927f19e2e96,FALSE
da653d2c-6da0-4885-97eb-212a8ec8618c,TRUE
573ffba3-d269-4061-911e-b649c21002f4,FALSE
7b3560ac-aac8-418a-99dc-b6eb7de9338f,FALSE
800c8a51-80a3-41f2-a73f-c259fae19e1e,FALSE
9609f8b5-0137-4a24-b86a-a1c6a6e04130,FALSE
957682f2-fe59-498f-9b95-4f14b9fc006b,FALSE
c859c310-f71f-4979-883e-e3a5f68e11a0,FALSE
75471b87-9ef3-4f0d-a2bb-961f9fb398e4,FALSE
ca2064d4-2b48-44b4-929f-2f38d78448b1,FALSE
6ccde9bd-1b36-486b-b3d3-e7e21c1ce780,FALSE
f19d85cd-a5e7-42f2-a091-ec3bb638182b,FALSE
961d2fa4-55f8-4e35-bf88-096e7c2f434b,FALSE
2b5a922d-4beb-4262-8f8b-8f713436ecb2,FALSE
89bd5530-81db-4d7e-b9b0-cd3e9359d420,FALSE
b6c807b4-8cb0-4e6b-99c9-8f3eaf17cd4c,FALSE
1ffe248d-5ec9-4ed6-ac81-7c625b99702d,FALSE
43e61bcf-585d-40ac-bea6-405edbad00fd,FALSE
8483b85f-77a9-4dc6-aa04-da2039b2aa83,FALSE
cfb2fccb-ee6c-4dd0-b7b1-820049cda63e,FALSE
5ccdc630-7aa2-4bf6-8adc-9b17b8361a05,FALSE
7d3d1f19-f84e-4fc5-8b7f-428d9c03482f,FALSE
04ad3234-8139-429c-a261-af4014e302fb,FALSE
7646f25b-c1b7-4651-a6fa-fc4fc3ddadbd,FALSE
889f9aa9-550c-4e17-8576-e0dedd6b723e,FALSE
933697c6-1fb7-408d-8b80-23e4d1e0d646,FALSE
7a25152a-ddae-409f-9f23-7837db5c1dd5,FALSE
5222f416-6e01-4492-9fb6-53f5379b8c5a,FALSE
15fbe7c6-a49c-42a2-af11-a73dc02b2d3a,FALSE
e8560958-6fd3-4b18-a1d3-65afdf36386b,FALSE
4273b134-b60f-4a7d-a337-7195e2b4c2c0,FALSE
0084da15-5fd1-448b-bc08-7a455feab795,FALSE
dab98afc-17e1-40c2-aa8e-147c1c2b3255,FALSE
27cc0b42-e305-4f70-b7d4-0a61c016f3b2,TRUE
ee534b98-e0ab-4fe1-969d-569976448ed8,FALSE
bbed26a2-7410-4fb3-bddc-16cd99242ee7,FALSE
01e89780-85cc-4552-ab67-bef62ccb4d86,FALSE
34e1a306-9c2d-41a2-8db3-8ebaae09c623,FALSE
39aa6ed5-7e49-4e1d-91fa-d0ceff736246,TRUE
8dc53e5e-543b-4a7f-b95e-008b21685d24,FALSE
1f146b0e-007c-4034-93b3-669be9fcd445,FALSE
4634e30f-95ae-4746-b533-e4979d2bc245,TRUE
b0c443ff-3f9d-4bac-b0fd-0be7b33678f0,TRUE
994ca404-1281-4931-93cc-8ae69c282e56,FALSE
b0e99ec9-b337-4e07-82b7-2cc8af2280f2,FALSE
69d3c980-afaf-4530-8015-a7b1f7abb958,TRUE
da5e8a4c-74ff-4591-897d-cf32274d77ac,TRUE
496757eb-59a5-4481-9f48-5d0061716aa5,FALSE
36f4be73-78d3-40ec-acba-b61a1b79d839,FALSE
705583dc-2650-4c0f-bee9-72168ce3815a,FALSE
ea1583f1-d35b-43d7-a9d5-bfd7731edd84,TRUE
f1e1f6f8-45c7-4186-bd94-34846b8811db,FALSE
dc055ec8-216c-420c-9442-4995e4533940,TRUE
8d05251e-f09e-4b25-97d8-199d7b92709f,TRUE
1addf8b4-0544-41e9-81f2-c79ff877a4ed,FALSE
bcecbc39-743f-4f3f-8b14-a31bca203a45,FALSE
707e3123-871d-48d4-a903-9ad7763bc232,TRUE
a58595fa-1857-4ef1-89e7-0f579ca0a3b9,FALSE
8b082dec-e7e3-479d-809f-91468b095889,FALSE
8a515eea-8456-433f-99a5-863db465cb73,FALSE
dcc039f4-cb6e-4a0b-9cc7-f8fd1f6fca1e,TRUE
6e09d548-ba7d-4a39-96e9-e4660f839c49,FALSE
83fa28a8-87fe-48a6-816e-9e01c97d983a,TRUE
13f68722-1f40-4919-852d-dfdc6ddcddb4,FALSE
800b60f6-f7d6-4a7f-a1a0-c1bb88d030df,TRUE
ac59f7ee-e03c-41f9-97da-380dd2f77944,TRUE
5355f1a8-55d3-4a7f-aa6c-29cfcaa4c896,FALSE
0f08f1cd-6293-4fce-ac59-2ad6d6cbf44e,FALSE
e8c636da-84a6-4ca2-88f6-2e7593715f68,FALSE
764225fc-cbde-4b95-960a-9282e7c0298a,TRUE
577b0f23-29ea-46f5-b174-b7466eafc97e,FALSE
2ba0ad3d-1564-47d7-aebf-7edc2d3b994e,FALSE
72c40389-78ed-485f-9806-3fa1080a55f1,FALSE
9f6f0fac-a7d7-43bc-b037-6c69513d22f2,FALSE
aceb5e1b-5162-443e-b70a-ebb869bb1fb8,FALSE
5f6a3267-593f-4c7a-b092-a37d3b74ae3b,FALSE
44ac7177-71ed-41e7-a18d-412a7c5eafa2,FALSE
e2a903ac-97c9-4472-985f-6dda73ae92a8,FALSE
3fccd18c-7b05-442d-943b-cae139307d29,FALSE
6eaa9ddc-6d40-4b04-bc38-8ffa27bac1c6,FALSE
fa60aeb5-e9a8-411d-9b3f-28962755b780,FALSE
2ed55f56-d06a-4991-b637-23b554f494bc,TRUE
467d423b-f8e1-4037-b5da-043dbf8658b4,FALSE
9b847f4e-91ba-4fe2-8517-0d9a1637f6ef,FALSE
427338a0-9924-4f60-8e8d-eef0d72b86ee,FALSE
5328d084-e98c-48eb-b141-57f6a4a1262b,FALSE
39954537-acf7-4e25-a088-4547dc0a5452,FALSE
a3513e26-6293-4fb8-97af-fd67570b6ad1,FALSE
27f822e9-d044-4671-b158-b3cf30b88b23,FALSE
3ffa608e-619d-4940-a141-c72a3d729ffb,FALSE
c2a3c0e1-baff-48c2-91a9-5565c072052d,FALSE
5731459d-b368-4190-af8f-32b879333de9,FALSE
ad9fd00a-f692-4025-ba10-0e27abdacbf1,FALSE
c4a91c59-b8ec-4656-bd59-05c22b1bdebe,FALSE
d0fd663c-27a4-4423-803c-d8320f5c4f3d,FALSE
f67d49e3-6ba4-486a-abf2-64402efcbeba,FALSE
256bd99c-4bb9-4b20-9371-19114e764bc2,FALSE
309ca670-6b7f-4091-b70c-e808c3d2a18a,FALSE
723c6b29-cc46-44c8-9ea6-51449a99e38f,FALSE
239c0059-26bd-43c7-91bd-b713025f8102,FALSE
fda3ffc4-f16a-4a1a-b6ce-8f2475536c09,FALSE
dd2a66d0-50bc-4a2c-90d9-0c17f1e89b80,TRUE
6f73cf49-ba8b-4592-9e2f-7bae9be3a3ee,FALSE
e14abef9-4564-4f7f-b1dc-ed0f312a56c9,FALSE
299fc3ad-d672-4f27-a619-d34f7c5e8016,FALSE
da8631ec-157d-44ca-b859-559df3222eda,FALSE
d2df1808-bced-42ca-91c2-c1572bd060f8,FALSE
cf0d9c1f-2bfd-4e2e-8ff6-b1a19a9b0b81,FALSE
2fda3353-bbc5-4a22-8978-d5ee98b736a3,FALSE
3a2a0416-f9bf-48d7-aebc-00b8c63de44b,FALSE
1a30ef29-afac-49da-9fab-59f0b1fa1b9d,FALSE
ab7c17ad-629c-4bf5-92af-0a6a62f9a146,TRUE
952edf33-5159-4749-a451-75d8afb97638,FALSE
2d2c9a4a-972a-4eaa-9dd8-132159d303e7,TRUE
7fb61b8a-6597-4311-a639-2c81f1cbc210,TRUE
45d7dd66-bd34-4f3d-91a8-1231587501cd,TRUE
5277f8f9-4fe6-4ae0-9e96-44a3f65fa373,TRUE
0e0de9fd-1092-422a-b10f-2b2d095a8eb6,TRUE
5ea7fe38-79d5-458c-be35-fefd642223ea,TRUE
33c5d333-3f0c-4135-97c3-a8ef0bc83cb7,FALSE
e3966e66-7b3d-483d-902c-266724ee0045,FALSE
251fba32-77d3-4d65-925e-ddf0e49bf949,FALSE
25ee5dfc-dd50-4b8d-b27e-704a04702a76,FALSE
d5e6a129-7748-42c9-a84b-378941bc9798,TRUE
a9e6729c-092e-4a67-80fa-e84a88a7d37e,FALSE
f73efeab-adf1-472b-9e86-4c11b6f7ea5f,TRUE
6334dcd8-c997-4f91-902c-a39f1f4c5949,TRUE
62c3f6ab-fd02-4b56-81be-bf79b7cb2a33,TRUE
143778ed-2476-4d8b-90f2-47836523637b,TRUE
85679ede-da6c-419d-9f8b-d24b4a168a91,FALSE
bf54de4d-c1d9-4831-bb83-c80f72ed54e4,FALSE
eb094f99-f7dc-47a1-bb91-b1f5c75842a1,FALSE
279b23a3-3257-49fe-8dd9-39a925377973,FALSE
5bc3ed97-04e2-4848-9777-edda4b1dfc62,FALSE
b21f8462-5dc2-48b9-bc22-685bcb661fdc,FALSE
69700089-dde1-4e7a-8f06-b95e4cbd8e4f,FALSE
65411d2d-be29-4450-87a3-3f8fc3f5a662,FALSE
363ca954-7be5-4073-a2c2-5a368f2c6119,FALSE
90bb1e95-c43a-48d3-8073-42fa8914cc1c,FALSE
6eeada5b-2fe4-4976-9f65-9838f668397c,FALSE
f6270f26-e4b2-4385-b9a5-6978798c2fc1,FALSE
c8135a06-8d67-47b4-b7e0-e7e683e0d5eb,TRUE
6f8940b4-5d6a-463b-92f2-954fe52f8ae5,FALSE
283c330d-69b6-4a6f-8f1c-2c0e9b8026e9,TRUE
7ed39f9b-165c-4106-b402-15a8deeeb0e6,TRUE
3c354d81-2c94-483e-a45b-89e6b57c2843,TRUE
806edfab-3835-4d7e-9ee8-219aaed0b2cc,FALSE
68d0c94c-cc48-4c2f-8ffc-fbd4fb6b822d,FALSE
a1b0fa3e-915b-4e68-8ddc-175a98b23a13,FALSE
d51c4f7e-cf62-4942-b163-31aa1fec4bda,TRUE
0fb02157-66b7-4adc-8cb2-52928f75c661,FALSE
46cde2a7-531a-4cc0-81ed-cacb04572962,TRUE
67d1f2f8-7679-457e-ac0e-a1504892a11f,FALSE
e52d8ae4-d5c6-4c35-a649-2633a972f38e,FALSE
b2396009-e96c-4b51-9642-39359727a2cb,FALSE
96fafce3-311b-492b-9b27-e705d17ebf8e,FALSE
e81fbb45-0805-42a5-b126-3d7599bccec8,FALSE
ea8f9dbf-9d69-4161-9190-918cf2e0f9f0,FALSE
4cc4166e-859d-4f37-93d4-26c90f10f45b,FALSE
111a5f21-c744-4ab7-b246-97d16a3998d3,FALSE
497caa27-6ada-4c3a-8ddc-c21f8d3bb46c,FALSE
61d0879e-328e-4dee-bf36-916e9ff0ee37,TRUE
c4bc0a25-bc39-4eaf-98c8-bce760abe0c4,FALSE
e94a4334-1a22-4b77-bd11-bfae1a668695,TRUE
9b138671-ca53-447b-862b-c8202d099627,FALSE
ab511bd1-95db-4d7a-a94a-c3b913c47860,FALSE
01c8c189-4b31-4583-882b-36f57f8edf2b,FALSE
eed877fe-77ab-46fd-8936-abab10f40358,FALSE
ad44211f-e127-4ab4-95b7-8580165fa1da,FALSE
42153b4c-7ead-41ad-9081-3dce8fc31e3f,FALSE
009b6a66-9211-41ea-86c9-aadcf6828a9e,FALSE
f0126d19-7f43-4467-a11a-2d98181fe36f,FALSE
3f51c592-228f-4ef8-8af0-7b3f6cdde773,FALSE
7cbcf85e-94c8-465e-bfa1-047b4c8123f6,FALSE
8778902d-6d5e-463f-bfd5-abeea45afbe4,TRUE
e7dff565-0be2-4384-9ec8-77bba0ee7720,FALSE
cee77f72-803c-41c2-b32e-9a25de2cf180,FALSE
412b5fa8-4f75-4261-a803-499fafa31444,FALSE
2c4a5da4-6c02-485e-abb0-3ac172ab444f,FALSE
51d371bc-4ca4-459c-aa0f-d1fcf9d3061c,FALSE
c19d548e-4cb7-4461-b67a-93b3c90031a2,FALSE
eab8e87c-f537-4e2f-9b1a-1393babbe78c,FALSE
79194581-14fc-468f-a50b-d06648f93218,FALSE
78bb1855-617b-40bf-92ad-25f643b4a018,FALSE
3b71eb24-27d8-4249-851f-c164cb73ec8e,FALSE
99ad2fb5-fb45-4251-b3d5-48b61754fda4,FALSE
8c2052f2-44f8-48b1-800a-04c1866d311f,FALSE
ede7f522-71fd-4211-ba83-7096e611f1c3,FALSE
a5f65bf5-6f46-44aa-8594-26425b6ce16e,FALSE
e81a35a3-b936-495d-9012-8aa7414e5069,FALSE
3cbb013a-7b31-4c38-859c-ea461b9304a2,TRUE
8f2467d2-2ef4-42f0-95b2-99cfc4cfba56,TRUE
2d99741a-ca51-4322-9170-9bad1f0ffa89,FALSE
462355b4-8fa9-492e-96d8-435f472d1d2a,FALSE
d3a627ed-e24f-40e0-b943-cda8f97322b8,FALSE
4575eefe-021a-4b0f-b728-ec40dda8525b,FALSE
1118c98e-e9a9-420e-9fd8-10b9b6d58ece,FALSE
fb9dd392-0baf-42c5-9e4d-c53133c7bf5e,FALSE
7dddc3b9-e0ad-466e-9058-9a106c29fdfe,FALSE
6895f47e-23b7-4576-8beb-3f27bc8da57e,FALSE
c2ecc591-1502-417d-91da-11b29828cb60,TRUE
dab6077a-c9da-4e75-95c1-6c7b74494db6,FALSE
9bc54958-33a4-43d4-9c99-6dcf41b8b7ae,FALSE
e0fe3cea-b7ae-4e32-a366-8084cd09b232,FALSE
270ce6fc-752e-4ff5-a92b-224247a7c7fc,FALSE
49235d0b-d652-4998-b2ba-fbd624883830,FALSE
6fb864f8-dfa4-4e67-bb9a-aa5d8a137115,TRUE
93e7b9c1-23a3-419b-8c4a-c3b6fc396f5f,FALSE
8193201a-60a2-46b2-968a-54c1e990df4b,FALSE
8308d227-653d-4448-8652-209498a5ffd2,FALSE
b6789f71-4408-4898-a38b-7421cc6c2b1a,FALSE
cab4c448-3c9c-4eb7-b207-f529b9971530,FALSE
9f0b8d96-b992-4b54-a942-0e4a22a56be3,FALSE
d3d1e899-6503-4a36-8684-5b2c0addba76,FALSE
4e34190d-f4be-4f62-ab73-cff99b150d22,FALSE
78fb3269-cdca-4be2-928b-5840cf7aaa1b,FALSE
588703a4-555b-4dc5-9fae-fecb75a28346,FALSE
3acce3d9-4f5a-4a2a-a7db-cf3fc4d0c27b,FALSE
1b090990-3df7-4659-9ab4-e822cfb43ae3,FALSE
5aff543e-4e65-458b-8434-e6ca0134c50d,FALSE
345ceefc-4cd9-4dfc-8490-d4137f687317,FALSE
ce3800e2-6b5b-46cd-8d3d-225e91e03a44,FALSE
0bbacb9b-a5b4-4042-ab48-568fd10295ac,FALSE
846fb552-7de5-4144-96e2-e10b75324a43,FALSE
8458d786-968d-4dc0-b588-772e644a0451,TRUE
821dd624-3027-41b0-993c-a48a63d179d7,FALSE
10fd9838-27b5-482c-8010-d4eca73ca5b8,FALSE
9312f280-a8e3-4d31-bf23-385558ee3772,FALSE
33305125-7626-49de-bb94-9eab691d6a36,FALSE
4f44f44f-3400-4f0e-ba74-e395d3247db7,FALSE
90c8d1f8-cc3f-45b2-a20b-a2143aa1ff2f,FALSE
aa297bb3-b72a-4a21-af8c-d3950a2174f0,FALSE
7b68c7fb-27a7-4bba-bd75-b5509f48b6ca,TRUE
bf07212d-61f7-433c-b747-b0d6d6694671,TRUE
89f492c4-a9cd-4374-88f8-c637085bab8e,TRUE
ed27ccdc-0db9-4a27-95e8-801c2f7c9997,TRUE
4c9e07f1-7cf6-46c0-a0df-bcecc136a44c,FALSE
5ee167a5-0d4b-4eb9-afd9-e785c7160bfd,FALSE
14361928-e5da-49ed-b5f4-627598dc1ab8,FALSE
f03ae79e-24b3-444b-86b2-a10a2f346902,FALSE
4a18261c-9d5e-4284-9a47-0cb7a578fef0,FALSE
4bacd572-9f19-4a2a-8426-ebc016296dcc,FALSE
1f8bb7cd-a938-401b-942d-69f3348b5717,TRUE
72487701-68f6-4152-a877-dca41c30271a,TRUE
982e2776-2946-4898-8089-3c0f7d18d99e,FALSE
8a976a33-fdc9-4676-8e79-35bef47e1d4e,FALSE
482356af-4a71-41ac-bfb3-3e984ced299d,TRUE
d8235c28-c358-458a-bac2-c603204cede5,TRUE
ac4987d9-f878-48ee-9915-55e29ba96592,FALSE
1214dbfd-bbfc-4b42-bc6d-a56ca16c4766,FALSE
213dfa8e-8444-4f8b-a79e-d7ba558c8903,FALSE
17c62e79-531c-4b60-bfa6-134ae2e72989,FALSE
07c0ba90-20d3-4c5b-a7d5-74e3d9cec069,FALSE
081663cb-61a2-4406-ac3f-51c67441eb96,FALSE
8b56e633-0ee2-42ed-a066-e55ad7dfac8f,FALSE
3575c6d4-02fb-47f9-903e-0fe5d61f2313,FALSE
030889fb-a332-4d0c-ae8c-f0cadc5afa00,FALSE
e5ca894f-bf2a-4b2b-8025-e1b896962cfa,FALSE
9ad7ff2e-c2e3-413a-8131-712374b80d02,FALSE
e1bc9e1c-b76d-4576-815d-953aa20f111a,TRUE
9177e334-83f7-41e0-99bc-2b8108cabd68,FALSE
4a37bc5d-5bff-4fa2-888d-2a0bf50dc710,TRUE
605e718e-eb65-453f-9370-e0f384558ecc,FALSE
cfbd17c8-74f0-438a-85e1-68e3ceb18625,FALSE
c5db10f0-3b37-46fa-b27a-03f2bf299d57,FALSE
eb619486-1373-4dd2-99e7-6a910cd8c678,FALSE
b737a18d-7122-4325-8e71-864dc28ae973,FALSE
4d9d2b97-d778-4958-ab82-f0727a6c03bf,FALSE
64ba9bd6-7cb2-4daf-977d-06facd9a7ffd,FALSE
f118d0a1-a3f8-4d10-8305-fe1e8bd2502d,FALSE
370de825-c49f-4575-8f33-4ca547a07765,FALSE
257a1600-9856-45be-8fa4-17bb7190e849,TRUE
0d3c3305-5c9d-481d-8a6d-165e151cc373,TRUE
8b73ff6f-0b1f-46dc-ba28-852fb89be9be,TRUE
57704ad9-7850-4034-9ab1-b6c5d56ec6a7,TRUE
cc5631f2-1b81-4d1c-aae6-46474e5a6edf,FALSE
92315bb5-6227-42ef-9ba7-350b9965978d,FALSE
a5ae9d37-3cf2-415a-96dc-ec61db8d07b4,FALSE
7973af5b-6f85-461a-a884-ceaccaf4998a,FALSE
0d7edc89-48fa-46b2-8c87-9afe17197d43,FALSE
04edd2e6-ef61-40de-b439-e627a94838be,FALSE
763676af-4dbf-441b-82d1-1f7e91ae954a,FALSE
976dc2f1-eeb0-4a52-88ba-abfd71b8e910,FALSE
24979ab9-b709-4b22-b4e7-dc53aed54eef,FALSE
f4fa8e2c-9292-4cf7-a174-689b414d23c5,FALSE
59e91d24-6b7f-407f-a973-7a1b4151aa83,FALSE
c7ac634c-a830-49a5-a37b-c6a7bc717686,TRUE
2b8e85ad-42e1-4671-8951-17e7c0e0dbb5,FALSE
9cf0fc2d-682c-4738-898d-ab5cbd44ee18,FALSE
a7d565a5-e240-4331-9dec-248386edd482,FALSE
c234c183-042c-415b-8300-8c7b906d9bfe,FALSE
6017999f-a5f1-4448-b10a-eb614d034f01,FALSE
7650e1da-d916-478b-bcf0-399c94e6a6c7,FALSE
aba4e933-6b35-4e30-8e3c-498f27ce51c1,TRUE
e29b268f-6986-4032-997d-015e4c3b5626,FALSE
4b0bd298-b52a-4962-9efd-948e215748a5,FALSE
f65e9419-927b-4f50-9e6c-f651581090c6,FALSE
0e8c3703-23bf-4e1f-bd02-a01553d89637,FALSE
5cc27785-4d93-4518-bd39-3bcb8240641a,FALSE
7ef46ddc-e238-4147-b2d6-c13ee4a218ad,FALSE
0ec676b4-d812-40f5-b0d0-345573261b7a,FALSE
f30e3a36-11e3-4b52-b9b8-445b834eaede,TRUE